CredibleSet	EC	source	LeadVariant	OnlyIntersectsWithECPeak
1	CAD_Aragam2021-rs10131894	TRUE	Aragam2021	rs10131894	NA
2	CAD_Aragam2021-rs10176176	TRUE	Aragam2021	rs10176176	NA
3	CAD_Aragam2021-rs10410487	TRUE	Aragam2021	rs10410487	NA
4	CAD_Aragam2021-rs10422256	TRUE	Aragam2021	rs10422256	NA
5	CAD_Aragam2021-rs10455872	FALSE	Aragam2021	rs10455872	NA
6	CAD_Aragam2021-rs10477741	FALSE	Aragam2021	rs10477741	NA
7	CAD_Aragam2021-rs10488763	TRUE	Aragam2021	rs10488763	NA
8	CAD_Aragam2021-rs1051338	TRUE	Aragam2021	rs1051338	NA
9	CAD_Aragam2021-rs10774625	TRUE	Aragam2021	rs10774625	NA
10	CAD_Aragam2021-rs10790800	TRUE	Aragam2021	rs10790800	NA
11	CAD_Aragam2021-rs10811183	TRUE	Aragam2021	rs10811183	NA
12	CAD_Aragam2021-rs10841443	FALSE	Aragam2021	rs10841443	NA
13	CAD_Aragam2021-rs10857147	TRUE	Aragam2021	rs10857147	NA
14	CAD_Aragam2021-rs10928241	TRUE	Aragam2021	rs10928241	NA
15	CAD_Aragam2021-rs10951983	TRUE	Aragam2021	rs10951983	NA
16	CAD_Aragam2021-rs10961206	FALSE	Aragam2021	rs10961206	NA
17	CAD_Aragam2021-rs11079536	TRUE	Aragam2021	rs11079536	NA
18	CAD_Aragam2021-rs11080107	TRUE	Aragam2021	rs11080107	NA
19	CAD_Aragam2021-rs11107903	TRUE	Aragam2021	rs11107903	NA
20	CAD_Aragam2021-rs11206803	TRUE	Aragam2021	rs11206803	NA
21	CAD_Aragam2021-rs112238647	FALSE	Aragam2021	rs112238647	NA
22	CAD_Aragam2021-rs112635299	TRUE	Aragam2021	rs112635299	NA
23	CAD_Aragam2021-rs112949822	TRUE	Aragam2021	rs112949822	NA
24	CAD_Aragam2021-rs1132274	TRUE	Aragam2021	rs1132274	NA
25	CAD_Aragam2021-rs114192718	TRUE	Aragam2021	rs114192718	NA
26	CAD_Aragam2021-rs11466359	TRUE	Aragam2021	rs11466359	NA
27	CAD_Aragam2021-rs11523031	FALSE	Aragam2021	rs11523031	NA
28	CAD_Aragam2021-rs11591147	TRUE	Aragam2021	rs11591147	NA
29	CAD_Aragam2021-rs11617955	FALSE	Aragam2021	rs11617955	NA
30	CAD_Aragam2021-rs11619113	FALSE	Aragam2021	rs11619113	NA
31	CAD_Aragam2021-rs11655024	FALSE	Aragam2021	rs11655024	NA
32	CAD_Aragam2021-rs11663411	FALSE	Aragam2021	rs11663411	NA
33	CAD_Aragam2021-rs116843064	TRUE	Aragam2021	rs116843064	NA
34	CAD_Aragam2021-rs11752218	FALSE	Aragam2021	rs11752218	NA
35	CAD_Aragam2021-rs1177562	TRUE	Aragam2021	rs1177562	NA
36	CAD_Aragam2021-rs11810571	TRUE	Aragam2021	rs11810571	NA
37	CAD_Aragam2021-rs12112877	TRUE	Aragam2021	rs12112877	NA
38	CAD_Aragam2021-rs12260962	TRUE	Aragam2021	rs12260962	NA
39	CAD_Aragam2021-rs1230666	FALSE	Aragam2021	rs1230666	NA
40	CAD_Aragam2021-rs12445401	FALSE	Aragam2021	rs12445401	NA
41	CAD_Aragam2021-rs12446515	FALSE	Aragam2021	rs12446515	NA
42	CAD_Aragam2021-rs12484557	TRUE	Aragam2021	rs12484557	NA
43	CAD_Aragam2021-rs12500824	FALSE	Aragam2021	rs12500824	NA
44	CAD_Aragam2021-rs1250247	TRUE	Aragam2021	rs1250247	NA
45	CAD_Aragam2021-rs12691049	TRUE	Aragam2021	rs12691049	NA
46	CAD_Aragam2021-rs12740374	FALSE	Aragam2021	rs12740374	NA
47	CAD_Aragam2021-rs12916	FALSE	Aragam2021	rs12916	NA
48	CAD_Aragam2021-rs12936927	TRUE	Aragam2021	rs12936927	NA
49	CAD_Aragam2021-rs12952244	TRUE	Aragam2021	rs12952244	NA
50	CAD_Aragam2021-rs12965923	FALSE	Aragam2021	rs12965923	NA
51	CAD_Aragam2021-rs13120678	TRUE	Aragam2021	rs13120678	NA
52	CAD_Aragam2021-rs13124853	TRUE	Aragam2021	rs13124853	NA
53	CAD_Aragam2021-rs13222797	FALSE	Aragam2021	rs13222797	NA
54	CAD_Aragam2021-rs139012	TRUE	Aragam2021	rs139012	NA
55	CAD_Aragam2021-rs148812085	TRUE	Aragam2021	rs148812085	NA
56	CAD_Aragam2021-rs1510758	TRUE	Aragam2021	rs1510758	NA
57	CAD_Aragam2021-rs17080093	FALSE	Aragam2021	rs17080093	NA
58	CAD_Aragam2021-rs17083333	FALSE	Aragam2021	rs17083333	NA
59	CAD_Aragam2021-rs17086617	TRUE	Aragam2021	rs17086617	NA
60	CAD_Aragam2021-rs17163363	FALSE	Aragam2021	rs17163363	NA
61	CAD_Aragam2021-rs17263917	TRUE	Aragam2021	rs17263917	NA
62	CAD_Aragam2021-rs17566555	FALSE	Aragam2021	rs17566555	NA
63	CAD_Aragam2021-rs17581137	TRUE	Aragam2021	rs17581137	NA
64	CAD_Aragam2021-rs17608766	TRUE	Aragam2021	rs17608766	NA
65	CAD_Aragam2021-rs17680741	TRUE	Aragam2021	rs17680741	NA
66	CAD_Aragam2021-rs17843797	FALSE	Aragam2021	rs17843797	NA
67	CAD_Aragam2021-rs1800469	TRUE	Aragam2021	rs1800469	NA
68	CAD_Aragam2021-rs1807214	TRUE	Aragam2021	rs1807214	NA
69	CAD_Aragam2021-rs183657985	TRUE	Aragam2021	rs183657985	NA
70	CAD_Aragam2021-rs185244	TRUE	Aragam2021	rs185244	NA
71	CAD_Aragam2021-rs186696265	FALSE	Aragam2021	rs186696265	NA
72	CAD_Aragam2021-rs1870634	FALSE	Aragam2021	rs1870634	NA
73	CAD_Aragam2021-rs1892971	FALSE	Aragam2021	rs1892971	NA
74	CAD_Aragam2021-rs192425087	FALSE	Aragam2021	rs192425087	NA
75	CAD_Aragam2021-rs1967604	TRUE	Aragam2021	rs1967604	NA
76	CAD_Aragam2021-rs1998043	FALSE	Aragam2021	rs1998043	NA
77	CAD_Aragam2021-rs2001846	TRUE	Aragam2021	rs2001846	NA
78	CAD_Aragam2021-rs2008614	TRUE	Aragam2021	rs2008614	NA
79	CAD_Aragam2021-rs2067831	TRUE	Aragam2021	rs2067831	NA
80	CAD_Aragam2021-rs2096766	FALSE	Aragam2021	rs2096766	NA
81	CAD_Aragam2021-rs2107595	TRUE	Aragam2021	rs2107595	NA
82	CAD_Aragam2021-rs2161967	TRUE	Aragam2021	rs2161967	NA
83	CAD_Aragam2021-rs2207132	FALSE	Aragam2021	rs2207132	NA
84	CAD_Aragam2021-rs2215614	TRUE	Aragam2021	rs2215614	NA
85	CAD_Aragam2021-rs2244608	TRUE	Aragam2021	rs2244608	NA
86	CAD_Aragam2021-rs2306363	TRUE	Aragam2021	rs2306363	NA
87	CAD_Aragam2021-rs2327426	FALSE	Aragam2021	rs2327426	NA
88	CAD_Aragam2021-rs2410859	TRUE	Aragam2021	rs2410859	NA
89	CAD_Aragam2021-rs243071	TRUE	Aragam2021	rs243071	NA
90	CAD_Aragam2021-rs2492304	FALSE	Aragam2021	rs2492304	NA
91	CAD_Aragam2021-rs2493298	TRUE	Aragam2021	rs2493298	NA
92	CAD_Aragam2021-rs249760	TRUE	Aragam2021	rs249760	NA
93	CAD_Aragam2021-rs2571445	FALSE	Aragam2021	rs2571445	NA
94	CAD_Aragam2021-rs268	FALSE	Aragam2021	rs268	NA
95	CAD_Aragam2021-rs2681472	FALSE	Aragam2021	rs2681472	NA
96	CAD_Aragam2021-rs2683260	TRUE	Aragam2021	rs2683260	NA
97	CAD_Aragam2021-rs283485	TRUE	Aragam2021	rs283485	NA
98	CAD_Aragam2021-rs2839812	TRUE	Aragam2021	rs2839812	NA
99	CAD_Aragam2021-rs2843152	TRUE	Aragam2021	rs2843152	NA
100	CAD_Aragam2021-rs28451064	FALSE	Aragam2021	rs28451064	NA
101	CAD_Aragam2021-rs2891168	TRUE	Aragam2021	rs2891168	NA
102	CAD_Aragam2021-rs2909217	TRUE	Aragam2021	rs2909217	NA
103	CAD_Aragam2021-rs299946	TRUE	Aragam2021	rs299946	NA
104	CAD_Aragam2021-rs34232196	TRUE	Aragam2021	rs34232196	NA
105	CAD_Aragam2021-rs34330586	TRUE	Aragam2021	rs34330586	NA
106	CAD_Aragam2021-rs34606058	FALSE	Aragam2021	rs34606058	NA
107	CAD_Aragam2021-rs34759087	TRUE	Aragam2021	rs34759087	NA
108	CAD_Aragam2021-rs34917849	FALSE	Aragam2021	rs34917849	NA
109	CAD_Aragam2021-rs34991912	FALSE	Aragam2021	rs34991912	NA
110	CAD_Aragam2021-rs35611688	TRUE	Aragam2021	rs35611688	NA
111	CAD_Aragam2021-rs357494	TRUE	Aragam2021	rs357494	NA
112	CAD_Aragam2021-rs360153	TRUE	Aragam2021	rs360153	NA
113	CAD_Aragam2021-rs36033161	TRUE	Aragam2021	rs36033161	NA
114	CAD_Aragam2021-rs3776307	TRUE	Aragam2021	rs3776307	NA
115	CAD_Aragam2021-rs3783113	TRUE	Aragam2021	rs3783113	NA
116	CAD_Aragam2021-rs3796587	FALSE	Aragam2021	rs3796587	NA
117	CAD_Aragam2021-rs3918226	TRUE	Aragam2021	rs3918226	NA
118	CAD_Aragam2021-rs3936510	FALSE	Aragam2021	rs3936510	NA
119	CAD_Aragam2021-rs4074793	FALSE	Aragam2021	rs4074793	NA
120	CAD_Aragam2021-rs4140748	TRUE	Aragam2021	rs4140748	NA
121	CAD_Aragam2021-rs4245791	FALSE	Aragam2021	rs4245791	NA
122	CAD_Aragam2021-rs4266144	FALSE	Aragam2021	rs4266144	NA
123	CAD_Aragam2021-rs429358	FALSE	Aragam2021	rs429358	NA
124	CAD_Aragam2021-rs4345341	TRUE	Aragam2021	rs4345341	NA
125	CAD_Aragam2021-rs4537761	TRUE	Aragam2021	rs4537761	NA
126	CAD_Aragam2021-rs4646249	FALSE	Aragam2021	rs4646249	NA
127	CAD_Aragam2021-rs4662330	TRUE	Aragam2021	rs4662330	NA
128	CAD_Aragam2021-rs472495	TRUE	Aragam2021	rs472495	NA
129	CAD_Aragam2021-rs476828	FALSE	Aragam2021	rs476828	NA
130	CAD_Aragam2021-rs4773141	FALSE	Aragam2021	rs4773141	NA
131	CAD_Aragam2021-rs4907571	TRUE	Aragam2021	rs4907571	NA
132	CAD_Aragam2021-rs4938809	TRUE	Aragam2021	rs4938809	NA
133	CAD_Aragam2021-rs494207	FALSE	Aragam2021	rs494207	NA
134	CAD_Aragam2021-rs515135	FALSE	Aragam2021	rs515135	NA
135	CAD_Aragam2021-rs55753709	FALSE	Aragam2021	rs55753709	NA
136	CAD_Aragam2021-rs55997232	TRUE	Aragam2021	rs55997232	NA
137	CAD_Aragam2021-rs56062135	TRUE	Aragam2021	rs56062135	NA
138	CAD_Aragam2021-rs56170783	TRUE	Aragam2021	rs56170783	NA
139	CAD_Aragam2021-rs56195640	TRUE	Aragam2021	rs56195640	NA
140	CAD_Aragam2021-rs56408342	TRUE	Aragam2021	rs56408342	NA
141	CAD_Aragam2021-rs5760309	TRUE	Aragam2021	rs5760309	NA
142	CAD_Aragam2021-rs582384	TRUE	Aragam2021	rs582384	NA
143	CAD_Aragam2021-rs584961	TRUE	Aragam2021	rs584961	NA
144	CAD_Aragam2021-rs588136	TRUE	Aragam2021	rs588136	NA
145	CAD_Aragam2021-rs6006426	FALSE	Aragam2021	rs6006426	NA
146	CAD_Aragam2021-rs60154123	FALSE	Aragam2021	rs60154123	NA
147	CAD_Aragam2021-rs6026739	TRUE	Aragam2021	rs6026739	NA
148	CAD_Aragam2021-rs6088595	TRUE	Aragam2021	rs6088595	NA
149	CAD_Aragam2021-rs6102343	FALSE	Aragam2021	rs6102343	NA
150	CAD_Aragam2021-rs61776719	TRUE	Aragam2021	rs61776719	NA
151	CAD_Aragam2021-rs61797068	FALSE	Aragam2021	rs61797068	NA
152	CAD_Aragam2021-rs61806987	TRUE	Aragam2021	rs61806987	NA
153	CAD_Aragam2021-rs62362364	FALSE	Aragam2021	rs62362364	NA
154	CAD_Aragam2021-rs62435159	FALSE	Aragam2021	rs62435159	NA
155	CAD_Aragam2021-rs633185	TRUE	Aragam2021	rs633185	NA
156	CAD_Aragam2021-rs651007	TRUE	Aragam2021	rs651007	NA
157	CAD_Aragam2021-rs66778572	FALSE	Aragam2021	rs66778572	NA
158	CAD_Aragam2021-rs6686750	TRUE	Aragam2021	rs6686750	NA
159	CAD_Aragam2021-rs6740731	FALSE	Aragam2021	rs6740731	NA
160	CAD_Aragam2021-rs6841581	FALSE	Aragam2021	rs6841581	NA
161	CAD_Aragam2021-rs6883598	TRUE	Aragam2021	rs6883598	NA
162	CAD_Aragam2021-rs6905288	FALSE	Aragam2021	rs6905288	NA
163	CAD_Aragam2021-rs6909752	TRUE	Aragam2021	rs6909752	NA
164	CAD_Aragam2021-rs6919211	FALSE	Aragam2021	rs6919211	NA
165	CAD_Aragam2021-rs6932293	FALSE	Aragam2021	rs6932293	NA
166	CAD_Aragam2021-rs7118294	FALSE	Aragam2021	rs7118294	NA
167	CAD_Aragam2021-rs71313931	TRUE	Aragam2021	rs71313931	NA
168	CAD_Aragam2021-rs7133378	FALSE	Aragam2021	rs7133378	NA
169	CAD_Aragam2021-rs71646019	FALSE	Aragam2021	rs71646019	NA
170	CAD_Aragam2021-rs7173743	TRUE	Aragam2021	rs7173743	NA
171	CAD_Aragam2021-rs7177201	TRUE	Aragam2021	rs7177201	NA
172	CAD_Aragam2021-rs7183988	TRUE	Aragam2021	rs7183988	NA
173	CAD_Aragam2021-rs7189462	TRUE	Aragam2021	rs7189462	NA
174	CAD_Aragam2021-rs7246865	TRUE	Aragam2021	rs7246865	NA
175	CAD_Aragam2021-rs72658867	TRUE	Aragam2021	rs72658867	NA
176	CAD_Aragam2021-rs72836800	TRUE	Aragam2021	rs72836800	NA
177	CAD_Aragam2021-rs7296737	FALSE	Aragam2021	rs7296737	NA
178	CAD_Aragam2021-rs73078367	TRUE	Aragam2021	rs73078367	NA
179	CAD_Aragam2021-rs7333991	TRUE	Aragam2021	rs7333991	NA
180	CAD_Aragam2021-rs733701	FALSE	Aragam2021	rs733701	NA
181	CAD_Aragam2021-rs7412	FALSE	Aragam2021	rs7412	NA
182	CAD_Aragam2021-rs7413494	TRUE	Aragam2021	rs7413494	NA
183	CAD_Aragam2021-rs7440763	TRUE	Aragam2021	rs7440763	NA
184	CAD_Aragam2021-rs7485656	TRUE	Aragam2021	rs7485656	NA
185	CAD_Aragam2021-rs7500448	FALSE	Aragam2021	rs7500448	NA
186	CAD_Aragam2021-rs75160195	FALSE	Aragam2021	rs75160195	NA
187	CAD_Aragam2021-rs7581542	FALSE	Aragam2021	rs7581542	NA
188	CAD_Aragam2021-rs7678555	FALSE	Aragam2021	rs7678555	NA
189	CAD_Aragam2021-rs76866386	TRUE	Aragam2021	rs76866386	NA
190	CAD_Aragam2021-rs76959412	TRUE	Aragam2021	rs76959412	NA
191	CAD_Aragam2021-rs77347777	FALSE	Aragam2021	rs77347777	NA
192	CAD_Aragam2021-rs77787671	TRUE	Aragam2021	rs77787671	NA
193	CAD_Aragam2021-rs78030362	TRUE	Aragam2021	rs78030362	NA
194	CAD_Aragam2021-rs781663	TRUE	Aragam2021	rs781663	NA
195	CAD_Aragam2021-rs79598313	TRUE	Aragam2021	rs79598313	NA
196	CAD_Aragam2021-rs7991314	TRUE	Aragam2021	rs7991314	NA
197	CAD_Aragam2021-rs8000794	FALSE	Aragam2021	rs8000794	NA
198	CAD_Aragam2021-rs8046696	TRUE	Aragam2021	rs8046696	NA
199	CAD_Aragam2021-rs8066695	FALSE	Aragam2021	rs8066695	NA
200	CAD_Aragam2021-rs8068844	FALSE	Aragam2021	rs8068844	NA
201	CAD_Aragam2021-rs8108474	TRUE	Aragam2021	rs8108474	NA
202	CAD_Aragam2021-rs869396	TRUE	Aragam2021	rs869396	NA
203	CAD_Aragam2021-rs884811	TRUE	Aragam2021	rs884811	NA
204	CAD_Aragam2021-rs885150	TRUE	Aragam2021	rs885150	NA
205	CAD_Aragam2021-rs894211	TRUE	Aragam2021	rs894211	NA
206	CAD_Aragam2021-rs9266631	TRUE	Aragam2021	rs9266631	NA
207	CAD_Aragam2021-rs9337951	TRUE	Aragam2021	rs9337951	NA
208	CAD_Aragam2021-rs9361867	TRUE	Aragam2021	rs9361867	NA
209	CAD_Aragam2021-rs9469899	TRUE	Aragam2021	rs9469899	NA
210	CAD_Aragam2021-rs9515203	TRUE	Aragam2021	rs9515203	NA
211	CAD_Aragam2021-rs952227	FALSE	Aragam2021	rs952227	NA
212	CAD_Aragam2021-rs9945890	FALSE	Aragam2021	rs9945890	NA
213	CAD_Aragam2021-rs9951447	FALSE	Aragam2021	rs9951447	NA
