CredibleSet	EC	source	LeadVariant	PeakChr	PeakStart	PeakEnd	CellType	PosteriorProb
1	CAD_Aragam2021-rs10131894	TRUE	Aragam2021	rs10131894	NA	NA	NA	NA	NA
2	CAD_Aragam2021-rs10176176	TRUE	Aragam2021	rs10176176	NA	NA	NA	NA	NA
3	CAD_Aragam2021-rs10410487	TRUE	Aragam2021	rs10410487	NA	NA	NA	NA	NA
4	CAD_Aragam2021-rs10422256	TRUE	Aragam2021	rs10422256	NA	NA	NA	NA	NA
5	CAD_Aragam2021-rs10455872	FALSE	Aragam2021	rs10455872	NA	NA	NA	NA	NA
6	CAD_Aragam2021-rs10477741	FALSE	Aragam2021	rs10477741	NA	NA	NA	NA	NA
7	CAD_Aragam2021-rs10488763	TRUE	Aragam2021	rs10488763	NA	NA	NA	NA	NA
8	CAD_Aragam2021-rs1051338	TRUE	Aragam2021	rs1051338	NA	NA	NA	NA	NA
9	CAD_Aragam2021-rs10774625	TRUE	Aragam2021	rs10774625	NA	NA	NA	NA	NA
10	CAD_Aragam2021-rs10790800	TRUE	Aragam2021	rs10790800	NA	NA	NA	NA	NA
11	CAD_Aragam2021-rs10811183	TRUE	Aragam2021	rs10811183	NA	NA	NA	NA	NA
12	CAD_Aragam2021-rs10841443	FALSE	Aragam2021	rs10841443	NA	NA	NA	NA	NA
13	CAD_Aragam2021-rs10857147	TRUE	Aragam2021	rs10857147	NA	NA	NA	NA	NA
14	CAD_Aragam2021-rs10928241	TRUE	Aragam2021	rs10928241	NA	NA	NA	NA	NA
15	CAD_Aragam2021-rs10951983	TRUE	Aragam2021	rs10951983	NA	NA	NA	NA	NA
16	CAD_Aragam2021-rs10961206	FALSE	Aragam2021	rs10961206	NA	NA	NA	NA	NA
17	CAD_Aragam2021-rs11079536	TRUE	Aragam2021	rs11079536	NA	NA	NA	NA	NA
18	CAD_Aragam2021-rs11080107	TRUE	Aragam2021	rs11080107	NA	NA	NA	NA	NA
19	CAD_Aragam2021-rs11107903	TRUE	Aragam2021	rs11107903	NA	NA	NA	NA	NA
20	CAD_Aragam2021-rs11206803	TRUE	Aragam2021	rs11206803	NA	NA	NA	NA	NA
21	CAD_Aragam2021-rs112238647	FALSE	Aragam2021	rs112238647	NA	NA	NA	NA	NA
22	CAD_Aragam2021-rs112635299	TRUE	Aragam2021	rs112635299	NA	NA	NA	NA	NA
23	CAD_Aragam2021-rs112949822	TRUE	Aragam2021	rs112949822	NA	NA	NA	NA	NA
24	CAD_Aragam2021-rs1132274	TRUE	Aragam2021	rs1132274	NA	NA	NA	NA	NA
25	CAD_Aragam2021-rs114192718	TRUE	Aragam2021	rs114192718	NA	NA	NA	NA	NA
26	CAD_Aragam2021-rs11466359	TRUE	Aragam2021	rs11466359	NA	NA	NA	NA	NA
27	CAD_Aragam2021-rs11523031	FALSE	Aragam2021	rs11523031	NA	NA	NA	NA	NA
28	CAD_Aragam2021-rs11591147	TRUE	Aragam2021	rs11591147	NA	NA	NA	NA	NA
29	CAD_Aragam2021-rs11617955	FALSE	Aragam2021	rs11617955	NA	NA	NA	NA	NA
30	CAD_Aragam2021-rs11619113	FALSE	Aragam2021	rs11619113	NA	NA	NA	NA	NA
31	CAD_Aragam2021-rs11655024	FALSE	Aragam2021	rs11655024	NA	NA	NA	NA	NA
32	CAD_Aragam2021-rs11663411	FALSE	Aragam2021	rs11663411	NA	NA	NA	NA	NA
33	CAD_Aragam2021-rs116843064	TRUE	Aragam2021	rs116843064	NA	NA	NA	NA	NA
34	CAD_Aragam2021-rs11752218	FALSE	Aragam2021	rs11752218	NA	NA	NA	NA	NA
35	CAD_Aragam2021-rs1177562	TRUE	Aragam2021	rs1177562	NA	NA	NA	NA	NA
36	CAD_Aragam2021-rs11810571	TRUE	Aragam2021	rs11810571	NA	NA	NA	NA	NA
37	CAD_Aragam2021-rs12112877	TRUE	Aragam2021	rs12112877	NA	NA	NA	NA	NA
38	CAD_Aragam2021-rs12260962	TRUE	Aragam2021	rs12260962	NA	NA	NA	NA	NA
39	CAD_Aragam2021-rs1230666	FALSE	Aragam2021	rs1230666	NA	NA	NA	NA	NA
40	CAD_Aragam2021-rs12445401	FALSE	Aragam2021	rs12445401	NA	NA	NA	NA	NA
41	CAD_Aragam2021-rs12446515	FALSE	Aragam2021	rs12446515	NA	NA	NA	NA	NA
42	CAD_Aragam2021-rs12484557	TRUE	Aragam2021	rs12484557	NA	NA	NA	NA	NA
43	CAD_Aragam2021-rs12500824	FALSE	Aragam2021	rs12500824	NA	NA	NA	NA	NA
44	CAD_Aragam2021-rs1250247	TRUE	Aragam2021	rs1250247	NA	NA	NA	NA	NA
45	CAD_Aragam2021-rs12691049	TRUE	Aragam2021	rs12691049	NA	NA	NA	NA	NA
46	CAD_Aragam2021-rs12740374	FALSE	Aragam2021	rs12740374	NA	NA	NA	NA	NA
47	CAD_Aragam2021-rs12916	FALSE	Aragam2021	rs12916	NA	NA	NA	NA	NA
48	CAD_Aragam2021-rs12936927	TRUE	Aragam2021	rs12936927	NA	NA	NA	NA	NA
49	CAD_Aragam2021-rs12952244	TRUE	Aragam2021	rs12952244	NA	NA	NA	NA	NA
50	CAD_Aragam2021-rs12965923	FALSE	Aragam2021	rs12965923	NA	NA	NA	NA	NA
51	CAD_Aragam2021-rs13120678	TRUE	Aragam2021	rs13120678	NA	NA	NA	NA	NA
52	CAD_Aragam2021-rs13124853	TRUE	Aragam2021	rs13124853	NA	NA	NA	NA	NA
53	CAD_Aragam2021-rs13222797	FALSE	Aragam2021	rs13222797	NA	NA	NA	NA	NA
54	CAD_Aragam2021-rs139012	TRUE	Aragam2021	rs139012	NA	NA	NA	NA	NA
55	CAD_Aragam2021-rs148812085	TRUE	Aragam2021	rs148812085	NA	NA	NA	NA	NA
56	CAD_Aragam2021-rs1510758	TRUE	Aragam2021	rs1510758	NA	NA	NA	NA	NA
57	CAD_Aragam2021-rs17080093	FALSE	Aragam2021	rs17080093	NA	NA	NA	NA	NA
58	CAD_Aragam2021-rs17083333	FALSE	Aragam2021	rs17083333	NA	NA	NA	NA	NA
59	CAD_Aragam2021-rs17086617	TRUE	Aragam2021	rs17086617	NA	NA	NA	NA	NA
60	CAD_Aragam2021-rs17163363	FALSE	Aragam2021	rs17163363	NA	NA	NA	NA	NA
61	CAD_Aragam2021-rs17263917	TRUE	Aragam2021	rs17263917	NA	NA	NA	NA	NA
62	CAD_Aragam2021-rs17566555	FALSE	Aragam2021	rs17566555	NA	NA	NA	NA	NA
63	CAD_Aragam2021-rs17581137	TRUE	Aragam2021	rs17581137	NA	NA	NA	NA	NA
64	CAD_Aragam2021-rs17608766	TRUE	Aragam2021	rs17608766	NA	NA	NA	NA	NA
65	CAD_Aragam2021-rs17680741	TRUE	Aragam2021	rs17680741	NA	NA	NA	NA	NA
66	CAD_Aragam2021-rs17843797	FALSE	Aragam2021	rs17843797	NA	NA	NA	NA	NA
67	CAD_Aragam2021-rs1800469	TRUE	Aragam2021	rs1800469	NA	NA	NA	NA	NA
68	CAD_Aragam2021-rs1807214	TRUE	Aragam2021	rs1807214	NA	NA	NA	NA	NA
69	CAD_Aragam2021-rs183657985	TRUE	Aragam2021	rs183657985	NA	NA	NA	NA	NA
70	CAD_Aragam2021-rs185244	TRUE	Aragam2021	rs185244	NA	NA	NA	NA	NA
71	CAD_Aragam2021-rs186696265	FALSE	Aragam2021	rs186696265	NA	NA	NA	NA	NA
72	CAD_Aragam2021-rs1870634	FALSE	Aragam2021	rs1870634	NA	NA	NA	NA	NA
73	CAD_Aragam2021-rs1892971	FALSE	Aragam2021	rs1892971	NA	NA	NA	NA	NA
74	CAD_Aragam2021-rs192425087	FALSE	Aragam2021	rs192425087	NA	NA	NA	NA	NA
75	CAD_Aragam2021-rs1967604	TRUE	Aragam2021	rs1967604	NA	NA	NA	NA	NA
76	CAD_Aragam2021-rs1998043	FALSE	Aragam2021	rs1998043	NA	NA	NA	NA	NA
77	CAD_Aragam2021-rs2001846	TRUE	Aragam2021	rs2001846	NA	NA	NA	NA	NA
78	CAD_Aragam2021-rs2008614	TRUE	Aragam2021	rs2008614	NA	NA	NA	NA	NA
79	CAD_Aragam2021-rs2067831	TRUE	Aragam2021	rs2067831	NA	NA	NA	NA	NA
80	CAD_Aragam2021-rs2096766	FALSE	Aragam2021	rs2096766	NA	NA	NA	NA	NA
81	CAD_Aragam2021-rs2107595	TRUE	Aragam2021	rs2107595	NA	NA	NA	NA	NA
82	CAD_Aragam2021-rs2161967	TRUE	Aragam2021	rs2161967	NA	NA	NA	NA	NA
83	CAD_Aragam2021-rs2207132	FALSE	Aragam2021	rs2207132	NA	NA	NA	NA	NA
84	CAD_Aragam2021-rs2215614	TRUE	Aragam2021	rs2215614	NA	NA	NA	NA	NA
85	CAD_Aragam2021-rs2244608	TRUE	Aragam2021	rs2244608	NA	NA	NA	NA	NA
86	CAD_Aragam2021-rs2306363	TRUE	Aragam2021	rs2306363	NA	NA	NA	NA	NA
87	CAD_Aragam2021-rs2327426	FALSE	Aragam2021	rs2327426	NA	NA	NA	NA	NA
88	CAD_Aragam2021-rs2410859	TRUE	Aragam2021	rs2410859	NA	NA	NA	NA	NA
89	CAD_Aragam2021-rs243071	TRUE	Aragam2021	rs243071	NA	NA	NA	NA	NA
90	CAD_Aragam2021-rs2492304	FALSE	Aragam2021	rs2492304	NA	NA	NA	NA	NA
91	CAD_Aragam2021-rs2493298	TRUE	Aragam2021	rs2493298	NA	NA	NA	NA	NA
92	CAD_Aragam2021-rs249760	TRUE	Aragam2021	rs249760	NA	NA	NA	NA	NA
93	CAD_Aragam2021-rs2571445	FALSE	Aragam2021	rs2571445	NA	NA	NA	NA	NA
94	CAD_Aragam2021-rs268	FALSE	Aragam2021	rs268	NA	NA	NA	NA	NA
95	CAD_Aragam2021-rs2681472	FALSE	Aragam2021	rs2681472	NA	NA	NA	NA	NA
96	CAD_Aragam2021-rs2683260	TRUE	Aragam2021	rs2683260	NA	NA	NA	NA	NA
97	CAD_Aragam2021-rs283485	TRUE	Aragam2021	rs283485	NA	NA	NA	NA	NA
98	CAD_Aragam2021-rs2839812	TRUE	Aragam2021	rs2839812	NA	NA	NA	NA	NA
99	CAD_Aragam2021-rs2843152	TRUE	Aragam2021	rs2843152	NA	NA	NA	NA	NA
100	CAD_Aragam2021-rs28451064	FALSE	Aragam2021	rs28451064	NA	NA	NA	NA	NA
101	CAD_Aragam2021-rs2891168	TRUE	Aragam2021	rs2891168	NA	NA	NA	NA	NA
102	CAD_Aragam2021-rs2909217	TRUE	Aragam2021	rs2909217	NA	NA	NA	NA	NA
103	CAD_Aragam2021-rs299946	TRUE	Aragam2021	rs299946	NA	NA	NA	NA	NA
104	CAD_Aragam2021-rs34232196	TRUE	Aragam2021	rs34232196	NA	NA	NA	NA	NA
105	CAD_Aragam2021-rs34330586	TRUE	Aragam2021	rs34330586	NA	NA	NA	NA	NA
106	CAD_Aragam2021-rs34606058	FALSE	Aragam2021	rs34606058	NA	NA	NA	NA	NA
107	CAD_Aragam2021-rs34759087	TRUE	Aragam2021	rs34759087	NA	NA	NA	NA	NA
108	CAD_Aragam2021-rs34917849	FALSE	Aragam2021	rs34917849	NA	NA	NA	NA	NA
109	CAD_Aragam2021-rs34991912	FALSE	Aragam2021	rs34991912	NA	NA	NA	NA	NA
110	CAD_Aragam2021-rs35611688	TRUE	Aragam2021	rs35611688	NA	NA	NA	NA	NA
111	CAD_Aragam2021-rs357494	TRUE	Aragam2021	rs357494	NA	NA	NA	NA	NA
112	CAD_Aragam2021-rs360153	TRUE	Aragam2021	rs360153	NA	NA	NA	NA	NA
113	CAD_Aragam2021-rs36033161	TRUE	Aragam2021	rs36033161	NA	NA	NA	NA	NA
114	CAD_Aragam2021-rs3776307	TRUE	Aragam2021	rs3776307	NA	NA	NA	NA	NA
115	CAD_Aragam2021-rs3783113	TRUE	Aragam2021	rs3783113	NA	NA	NA	NA	NA
116	CAD_Aragam2021-rs3796587	FALSE	Aragam2021	rs3796587	NA	NA	NA	NA	NA
117	CAD_Aragam2021-rs3918226	TRUE	Aragam2021	rs3918226	NA	NA	NA	NA	NA
118	CAD_Aragam2021-rs3936510	FALSE	Aragam2021	rs3936510	NA	NA	NA	NA	NA
119	CAD_Aragam2021-rs4074793	FALSE	Aragam2021	rs4074793	NA	NA	NA	NA	NA
120	CAD_Aragam2021-rs4140748	TRUE	Aragam2021	rs4140748	NA	NA	NA	NA	NA
121	CAD_Aragam2021-rs4245791	FALSE	Aragam2021	rs4245791	NA	NA	NA	NA	NA
122	CAD_Aragam2021-rs4266144	FALSE	Aragam2021	rs4266144	NA	NA	NA	NA	NA
123	CAD_Aragam2021-rs429358	FALSE	Aragam2021	rs429358	NA	NA	NA	NA	NA
124	CAD_Aragam2021-rs4345341	TRUE	Aragam2021	rs4345341	NA	NA	NA	NA	NA
125	CAD_Aragam2021-rs4537761	TRUE	Aragam2021	rs4537761	NA	NA	NA	NA	NA
126	CAD_Aragam2021-rs4646249	FALSE	Aragam2021	rs4646249	NA	NA	NA	NA	NA
127	CAD_Aragam2021-rs4662330	TRUE	Aragam2021	rs4662330	NA	NA	NA	NA	NA
128	CAD_Aragam2021-rs472495	TRUE	Aragam2021	rs472495	NA	NA	NA	NA	NA
129	CAD_Aragam2021-rs476828	FALSE	Aragam2021	rs476828	NA	NA	NA	NA	NA
130	CAD_Aragam2021-rs4773141	FALSE	Aragam2021	rs4773141	NA	NA	NA	NA	NA
131	CAD_Aragam2021-rs4907571	TRUE	Aragam2021	rs4907571	NA	NA	NA	NA	NA
132	CAD_Aragam2021-rs4938809	TRUE	Aragam2021	rs4938809	NA	NA	NA	NA	NA
133	CAD_Aragam2021-rs494207	FALSE	Aragam2021	rs494207	NA	NA	NA	NA	NA
134	CAD_Aragam2021-rs515135	FALSE	Aragam2021	rs515135	NA	NA	NA	NA	NA
135	CAD_Aragam2021-rs55753709	FALSE	Aragam2021	rs55753709	NA	NA	NA	NA	NA
136	CAD_Aragam2021-rs55997232	TRUE	Aragam2021	rs55997232	NA	NA	NA	NA	NA
137	CAD_Aragam2021-rs56062135	TRUE	Aragam2021	rs56062135	NA	NA	NA	NA	NA
138	CAD_Aragam2021-rs56170783	TRUE	Aragam2021	rs56170783	NA	NA	NA	NA	NA
139	CAD_Aragam2021-rs56195640	TRUE	Aragam2021	rs56195640	NA	NA	NA	NA	NA
140	CAD_Aragam2021-rs56408342	TRUE	Aragam2021	rs56408342	NA	NA	NA	NA	NA
141	CAD_Aragam2021-rs5760309	TRUE	Aragam2021	rs5760309	NA	NA	NA	NA	NA
142	CAD_Aragam2021-rs582384	TRUE	Aragam2021	rs582384	NA	NA	NA	NA	NA
143	CAD_Aragam2021-rs584961	TRUE	Aragam2021	rs584961	NA	NA	NA	NA	NA
144	CAD_Aragam2021-rs588136	TRUE	Aragam2021	rs588136	NA	NA	NA	NA	NA
145	CAD_Aragam2021-rs6006426	FALSE	Aragam2021	rs6006426	NA	NA	NA	NA	NA
146	CAD_Aragam2021-rs60154123	FALSE	Aragam2021	rs60154123	NA	NA	NA	NA	NA
147	CAD_Aragam2021-rs6026739	TRUE	Aragam2021	rs6026739	NA	NA	NA	NA	NA
148	CAD_Aragam2021-rs6088595	TRUE	Aragam2021	rs6088595	NA	NA	NA	NA	NA
149	CAD_Aragam2021-rs6102343	FALSE	Aragam2021	rs6102343	NA	NA	NA	NA	NA
150	CAD_Aragam2021-rs61776719	TRUE	Aragam2021	rs61776719	NA	NA	NA	NA	NA
151	CAD_Aragam2021-rs61797068	FALSE	Aragam2021	rs61797068	NA	NA	NA	NA	NA
152	CAD_Aragam2021-rs61806987	TRUE	Aragam2021	rs61806987	NA	NA	NA	NA	NA
153	CAD_Aragam2021-rs62362364	FALSE	Aragam2021	rs62362364	NA	NA	NA	NA	NA
154	CAD_Aragam2021-rs62435159	FALSE	Aragam2021	rs62435159	NA	NA	NA	NA	NA
155	CAD_Aragam2021-rs633185	TRUE	Aragam2021	rs633185	NA	NA	NA	NA	NA
156	CAD_Aragam2021-rs651007	TRUE	Aragam2021	rs651007	NA	NA	NA	NA	NA
157	CAD_Aragam2021-rs66778572	FALSE	Aragam2021	rs66778572	NA	NA	NA	NA	NA
158	CAD_Aragam2021-rs6686750	TRUE	Aragam2021	rs6686750	NA	NA	NA	NA	NA
159	CAD_Aragam2021-rs6740731	FALSE	Aragam2021	rs6740731	NA	NA	NA	NA	NA
160	CAD_Aragam2021-rs6841581	FALSE	Aragam2021	rs6841581	NA	NA	NA	NA	NA
161	CAD_Aragam2021-rs6883598	TRUE	Aragam2021	rs6883598	NA	NA	NA	NA	NA
162	CAD_Aragam2021-rs6905288	FALSE	Aragam2021	rs6905288	NA	NA	NA	NA	NA
163	CAD_Aragam2021-rs6909752	TRUE	Aragam2021	rs6909752	NA	NA	NA	NA	NA
164	CAD_Aragam2021-rs6919211	FALSE	Aragam2021	rs6919211	NA	NA	NA	NA	NA
165	CAD_Aragam2021-rs6932293	FALSE	Aragam2021	rs6932293	NA	NA	NA	NA	NA
166	CAD_Aragam2021-rs7118294	FALSE	Aragam2021	rs7118294	NA	NA	NA	NA	NA
167	CAD_Aragam2021-rs71313931	TRUE	Aragam2021	rs71313931	NA	NA	NA	NA	NA
168	CAD_Aragam2021-rs7133378	FALSE	Aragam2021	rs7133378	NA	NA	NA	NA	NA
169	CAD_Aragam2021-rs71646019	FALSE	Aragam2021	rs71646019	NA	NA	NA	NA	NA
170	CAD_Aragam2021-rs7173743	TRUE	Aragam2021	rs7173743	NA	NA	NA	NA	NA
171	CAD_Aragam2021-rs7177201	TRUE	Aragam2021	rs7177201	NA	NA	NA	NA	NA
172	CAD_Aragam2021-rs7183988	TRUE	Aragam2021	rs7183988	NA	NA	NA	NA	NA
173	CAD_Aragam2021-rs7189462	TRUE	Aragam2021	rs7189462	NA	NA	NA	NA	NA
174	CAD_Aragam2021-rs7246865	TRUE	Aragam2021	rs7246865	NA	NA	NA	NA	NA
175	CAD_Aragam2021-rs72658867	TRUE	Aragam2021	rs72658867	NA	NA	NA	NA	NA
176	CAD_Aragam2021-rs72836800	TRUE	Aragam2021	rs72836800	NA	NA	NA	NA	NA
177	CAD_Aragam2021-rs7296737	FALSE	Aragam2021	rs7296737	NA	NA	NA	NA	NA
178	CAD_Aragam2021-rs73078367	TRUE	Aragam2021	rs73078367	NA	NA	NA	NA	NA
179	CAD_Aragam2021-rs7333991	TRUE	Aragam2021	rs7333991	NA	NA	NA	NA	NA
180	CAD_Aragam2021-rs733701	FALSE	Aragam2021	rs733701	NA	NA	NA	NA	NA
181	CAD_Aragam2021-rs7412	FALSE	Aragam2021	rs7412	NA	NA	NA	NA	NA
182	CAD_Aragam2021-rs7413494	TRUE	Aragam2021	rs7413494	NA	NA	NA	NA	NA
183	CAD_Aragam2021-rs7440763	TRUE	Aragam2021	rs7440763	NA	NA	NA	NA	NA
184	CAD_Aragam2021-rs7485656	TRUE	Aragam2021	rs7485656	NA	NA	NA	NA	NA
185	CAD_Aragam2021-rs7500448	FALSE	Aragam2021	rs7500448	NA	NA	NA	NA	NA
186	CAD_Aragam2021-rs75160195	FALSE	Aragam2021	rs75160195	NA	NA	NA	NA	NA
187	CAD_Aragam2021-rs7581542	FALSE	Aragam2021	rs7581542	NA	NA	NA	NA	NA
188	CAD_Aragam2021-rs7678555	FALSE	Aragam2021	rs7678555	NA	NA	NA	NA	NA
189	CAD_Aragam2021-rs76866386	TRUE	Aragam2021	rs76866386	NA	NA	NA	NA	NA
190	CAD_Aragam2021-rs76959412	TRUE	Aragam2021	rs76959412	NA	NA	NA	NA	NA
191	CAD_Aragam2021-rs77347777	FALSE	Aragam2021	rs77347777	NA	NA	NA	NA	NA
192	CAD_Aragam2021-rs77787671	TRUE	Aragam2021	rs77787671	NA	NA	NA	NA	NA
193	CAD_Aragam2021-rs78030362	TRUE	Aragam2021	rs78030362	NA	NA	NA	NA	NA
194	CAD_Aragam2021-rs781663	TRUE	Aragam2021	rs781663	NA	NA	NA	NA	NA
195	CAD_Aragam2021-rs79598313	TRUE	Aragam2021	rs79598313	NA	NA	NA	NA	NA
196	CAD_Aragam2021-rs7991314	TRUE	Aragam2021	rs7991314	NA	NA	NA	NA	NA
197	CAD_Aragam2021-rs8000794	FALSE	Aragam2021	rs8000794	NA	NA	NA	NA	NA
198	CAD_Aragam2021-rs8046696	TRUE	Aragam2021	rs8046696	NA	NA	NA	NA	NA
199	CAD_Aragam2021-rs8066695	FALSE	Aragam2021	rs8066695	NA	NA	NA	NA	NA
200	CAD_Aragam2021-rs8068844	FALSE	Aragam2021	rs8068844	NA	NA	NA	NA	NA
201	CAD_Aragam2021-rs8108474	TRUE	Aragam2021	rs8108474	NA	NA	NA	NA	NA
202	CAD_Aragam2021-rs869396	TRUE	Aragam2021	rs869396	NA	NA	NA	NA	NA
203	CAD_Aragam2021-rs884811	TRUE	Aragam2021	rs884811	NA	NA	NA	NA	NA
204	CAD_Aragam2021-rs885150	TRUE	Aragam2021	rs885150	NA	NA	NA	NA	NA
205	CAD_Aragam2021-rs894211	TRUE	Aragam2021	rs894211	NA	NA	NA	NA	NA
206	CAD_Aragam2021-rs9266631	TRUE	Aragam2021	rs9266631	NA	NA	NA	NA	NA
207	CAD_Aragam2021-rs9337951	TRUE	Aragam2021	rs9337951	NA	NA	NA	NA	NA
208	CAD_Aragam2021-rs9361867	TRUE	Aragam2021	rs9361867	NA	NA	NA	NA	NA
209	CAD_Aragam2021-rs9469899	TRUE	Aragam2021	rs9469899	NA	NA	NA	NA	NA
210	CAD_Aragam2021-rs9515203	TRUE	Aragam2021	rs9515203	NA	NA	NA	NA	NA
211	CAD_Aragam2021-rs952227	FALSE	Aragam2021	rs952227	NA	NA	NA	NA	NA
212	CAD_Aragam2021-rs9945890	FALSE	Aragam2021	rs9945890	NA	NA	NA	NA	NA
213	CAD_Aragam2021-rs9951447	FALSE	Aragam2021	rs9951447	NA	NA	NA	NA	NA
